companyname,BillingAddress,addresstype
A Bike Store,"2251 Elliot Avenue, Seattle",Main Office
A Great Bicycle Company,"6030 Robinson Road, Jefferson City",Main Office
A Typical Bike Shop,"One Dancing, Rr No. 25, Round Rock",Main Office
Acceptable Sales & Service,"6400, 888 - 3rd Avenue, Calgary",Main Office
Action Bicycle Specialists,"Warrington Ldc Unit 25/2, Woolston",Main Office
Active Life Toys,"55 Standish Court, Mississauga",Main Office
Active Systems,"9995 West Central Entrance, Duluth",Main Office
Advanced Bike Components,"12345 Sterling Avenue, Irving",Main Office
Aerobic Exercise Company,"39933 Mission Oaks Blvd, Camarillo",Main Office
Affordable Sports Equipment,"Lake Elisnor Place, Lake Elsinore",Main Office
All Cycle Shop,"25111 228th St Sw, Bothell",Main Office
All Cycle Shop,"8713 Yosemite Ct., Bothell",Shipping
All Seasons Sports Supply,"Ohms Road, Houston",Main Office
Alpine Ski House,"7505 Laguna Boulevard, Elk Grove",Main Office
Alternative Vehicles,"3307 Evergreen Blvd, Washougal",Main Office
Another Bicycle Company,"567 Sw Mcloughlin Blvd, Milwaukie",Main Office
Area Bike Accessories,"6900 Sisk Road, Modesto",Main Office
Area Sheet Metal Supply,"399 Clearing Green, London",Main Office
Associated Bikes,"5420 West 22500 South, Salt Lake City",Main Office
Authentic Sales and Service,"99 Dean Street, Soho, London",Main Office
Authorized Bike Sales and Rental,"490 Ne 4th St, Renton",Main Office
Basic Bike Company,"15 East Main, Port Orchard",Main Office
Basic Sports Equipment,"3250 Baldwin Park Blvd, Baldwin Park",Main Office
Beneficial Exercises and Activities,"6425 Nw Loop 410, San Antonio",Main Office
Best o' Bikes,"250880 Baur Blvd, Saint Louis",Main Office
Bicycle Accessories and Kits,"Lewiston Mall, Lewiston",Main Office
Bicycle Lines Distributors,"6996 South Lindbergh, Saint Louis",Main Office
Bicycle Merchandise Warehouse,"409 Santa Monica Blvd., Santa Monica",Main Office
Big Cycle Mall,"9500b E. Central Texas Expressway, Killeen",Main Office
Big-Time Bike Store,"9909 W. Ventura Boulevard, Camarillo",Main Office
Bike Dealers Association,"9952 E. Lohman Ave., Las Cruces",Main Office
Bike Experts,"Lancaster Mall, Salem",Main Office
Bike World,"60025 Bollinger Canyon Road, San Ramon",Main Office
Bikes and Motorbikes,"22580 Free Street, Toronto",Main Office
Bikes for Kids and Adults,"9900 Ronson Drive, Etobicoke",Main Office
Bikes for Two,"63 West Beaver Creek, Richmond Hill",Main Office
Black Bicycle Company,"Factory Merchants, Branson",Main Office
Blue Bicycle Company,"Horizon Outlet Center, Monroe",Main Office
Bold Bike Accessories,"Rocky Mountain Pines Outlet, Loveland",Main Office
Brakes and Gears,"9927 N. Main St., Tooele",Main Office
Brightwork Company,"Belz Factory Outlet, Las Vegas",Main Office
Bulk Discount Store,"93-2501, Blackfriars Road,, London",Main Office
Camping and Sports Store,"400-25155 West Pender St, Vancouver",Main Office
Capable Sales and Service,"765 Delridge Way Sw, Seattle",Main Office
Cash & Carry Bikes,"Lakeline Mall, Cedar Park",Main Office
Catalog Store,"855 East Main Avenue, Zeeland",Main Office
Center Cycle Shop,"99300 223rd Southeast, Bothell",Main Office
Center Cycle Shop,"1318 Lasalle Street, Bothell",Shipping
Central Bicycle Specialists,"6 The Farm, Liberty Road, Maidenhead",Main Office
Central Discount Store,"259826 Russell Rd. South, Kent",Main Office
Certified Bicycle Supply,"2345 West Spencer Road, Lynnwood",Main Office
Certified Sports Supply,"250551 Shellbridge Way, Richmond",Main Office
Channel Outlet,"Knaves Beech Ind., High Wycombe",Main Office
Chic Department Stores,"90025 Sterling St, Irving",Main Office
City Manufacturing,"3025 E Waterway Blvd, Shelton",Main Office
Citywide Service and Repair,"Box 99354 300 Union Street, Saint John",Main Office
Client Discount Store,"Noah Lane, Chicago",Main Office
Closeout Boutique,"1050 Oak Street, Seattle",Main Office
Closest Bicycle Store,"Garamonde Drive, Wymbush, Milton Keynes",Main Office
Coalition Bike Company,"Corporate Office, El Segundo",Main Office
Coho Sports,"705 SE Mall Parkway, Everett",Main Office
Commendable Bikes,"4781 Highway 95, Sandpoint",Main Office
Commerce Bicycle Specialists,"Wharfdale Road, Berkshire",Main Office
Commercial Sporting Goods,"9700 Sisk Road, Modesto",Main Office
Commuter Bicycle Store,"2575 Bloor Street East, Toronto",Main Office
Consolidated Messenger,"25 Danger Street West, Toronto",Main Office
Convenient Sales and Service,"950 Gateway Street, Springfield",Main Office
Corner Bicycle Supply,"2511 Baker Road, Toronto",Main Office
Countryside Company,"825 W 500 S, Bountiful",Main Office
Courteous Bicycle Specialists,"995 Crescent, Richmond Hill",Main Office
Cross-Country Riding Supplies,"Station E, Chalk Riber",Main Office
Custom Accessories Company,"251 Indell Lane, Brampton",Main Office
Cycle Clearance,"2255 254th Avenue Se, Albany",Main Office
Cycle Merchants,"575 Rue St Amable, Quebec",Main Office
Cycles Wholesaler & Mfg.,"Science Park South, Birchwood, Warrington",Main Office
Cycling Goods,"997b Tradescant Road, London",Main Office
Demand Distributors,"25102 Springwater, Wenatchee",Main Office
Designated Distributors,"254 Colonnade Road, Nepean",Main Office
Discount Bicycle Specialists,"25269 Wood Dale Rd., Wood Dale",Main Office
Discount Tours,"603 Gellert Blvd, Daly City",Main Office
Distant Inn,"25001 Montague Expressway, Milpitas",Main Office
Distinctive Store,"Factory Merchants, Barstow",Main Office
District Mall,"25095 W. Florissant, Ferguson",Main Office
Downhill Bicycle Specialists,"725a The Arches, Berks",Main Office
Downtown Hotel,"2560 E. Newlands Dr, Fernley",Main Office
Eastside Department Store,"9992 Whipple Rd, Union City",Main Office
Eastside Parts Shop,"7000 Victoria Park Avenue, Toronto",Main Office
Economy Bikes Company,"72502 Eastern Ave., Bell Gardens",Main Office
Economy Center,"6th Floor, 25st Canadian Place, Toronto",Main Office
Efficient Cycling,"250333 Southport Road, S.W., Calgary",Main Office
Eighth Bike Store,"2500 N Serene Blvd, El Segundo",Main Office
Elite Bikes,"Po Box 8259024, Dallas",Main Office
Elite Bikes,"9178 Jumping St., Dallas",Shipping
Engineered Bike Systems,"123 Camelia Avenue, Oxnard",Main Office
Essential Bike Works,"New Millhouse, 2583 Milton Park, Abingdon",Main Office
Exceptional Cycle Services,"Wade Road, Basingstoke Hants",Main Office
Exclusive Bicycle Mart,"Butterfield Hse, 7-251 Chapel St, Lancaster",Main Office
Exercise Center,"Stevens Creek Shopping Center, San Jose",Main Office
Exhibition Showroom,"Garamonde Drive, Wymbush, Milton Keynes",Main Office
Exhilarating Cycles,"Kensington Valley Shops, Howell",Main Office
Express Bike Services,"586 Fulham Road,, London",Main Office
Extended Bike Sales,"The Citadel Commerce Plaza, City Of Commerce",Main Office
Extended Tours,"7 Garden House Cloisters, 8 Batters, London",Main Office
Extraordinary Bike Works,"Town East Center, Mesquite",Main Office
Extras Sporting Goods,"625 W Jackson Blvd. Unit 2502, Chicago",Main Office
Extreme Riding Supplies,"Riverside, Sherman Oaks",Main Office
"Fabrikam Inc., West","46460 West Oaks Drive, Novi",Main Office
Fad Outlet,"2550 Ne Sandy Blvd, Portland",Main Office
Family Cycle Store,"660 Saint-Jacques, Bureau 400, Montreal",Main Office
Family Entertainment Center,"25718 Se Sunnyside Rd, Clackamas",Main Office
Family's Favorite Bike Shop,"25981 College Street, Montreal",Main Office
Family's Favorite Bike Shop,"26910 Indela Road, Montreal",Shipping
Famous Bike Shop,"999 West Georgia St., Vancouver",Main Office
Farthermost Bike Shop,"99000 S. Avalon Blvd. Suite 750, Carson",Main Office
Farthest Bike Store,"45259 Canada Way, Burnaby",Main Office
Fashionable Bikes and Accessories,"Sports Store At Park City, Park City",Main Office
Fasteners & Bolts Outlet,"9960 King Street E., Toronto",Main Office
Field Trip Inc,"997000 Telegraph Rd., Southfield",Main Office
Field Trip Store,"2575 Rocky Mountain Ave., Loveland",Main Office
Fifth Bike Store,"2502 Evergreen Ste E, Everett",Main Office
Finer Cycle Shop,"2500-622 5th Ave Sw, Calgary",Main Office
Finer Mart,"640 South 994th St. W., Billings",Main Office
Finer Parts Shop,"2526a Tri-Lake Blvd Ne, Kirkland",Main Office
Finer Riding Supplies,"#9900 2700 Production Way, Burnaby",Main Office
Finish and Sealant Products,"25150 El Camino Real, San Bruno",Main Office
First Bike Store,"Kansas City Factory Outlet, Odessa",Main Office
First Cycle Store,"25250 N 90th St, Scottsdale",Main Office
First Department Stores,"2540 Dell Range Blvd, Cheyenne",Main Office
First-Rate Outlet,"25537 Hillside Avenue, Victoria",Main Office
Fitness Cycling,"The Quad @ WestView, Whittier",Main Office
Fitness Department Stores,"7750 E Marching Rd, Scottsdale",Main Office
Fitness Hotel,"74400 France Avenue South, Edina",Main Office
Fitness Supplies,"755 W Washington Ave Ste D, Sequim",Main Office
Fitness Toy Store,"220 Mercy Drive, Garland",Main Office
Fleet Bikes,"54254 Pacific Ave., Stockton",Main Office
Friendly Bike Shop,"750 Lakeway Dr, Bellingham",Main Office
Friendly Bike Shop,"Port Huron, Port Huron",Main Office
Friendly Neighborhood Bikes,"Johnson Creek, Johnson Creek",Main Office
Front Sporting Goods,"257700 Ne 76th Street, Redmond",Main Office
Frugal Bike Shop,"2575 West 2700 South, Salt Lake City",Main Office
Full-Service Bike Store,"9920 North Telegraph Rd., Pontiac",Main Office
Fun Times Club,"8525 South Parker Road, Parker",Main Office
Fun Toys and Bikes,"6500 East Grant Road, Tucson",Main Office
Future Bikes,"67255 - 8th Street N.E., Suite 350, Calgary",Main Office
Futuristic Bikes,"25136 Jefferson Blvd., Culver City",Main Office
Futuristic Sport Distributors,"5525 South Hover Road, Longmont",Main Office
Gasless Cycle Shop,"25 First Canadian Place, Toronto",Main Office
Gear-Shift Bikes Limited,"2512-4th Ave Sw, Calgary",Main Office
General Bike Corporation,"69251 Creditview Road, Mississauga",Main Office
General Cycle Storehouse,"30025 Wayburne Drive, Suite 275, Burnaby",Main Office
General Department Stores,"253131 Lake Frasier Drive, Office No. 2, Calgary",Main Office
General Industries,"9259 - 1110th Avenue Sw, Calgary",Main Office
General Riding Supplies,"43251 Viking Way, Unit 130, Richmond",Main Office
General Supplies,"9693 Louis H Lafontaine, Ville De'anjou",Main Office
Genial Bike Associates,"99450 Highway 59 North, Humble",Main Office
Genuine Bike Shop,"7760 N. Pan Am Expwy, San Antonio",Main Office
Gift and Toy Store,"Sports Stores @ Tuscola, Tuscola",Main Office
Go-cart and Bike Specialists,"2509 W. Frankford, Carrollton",Main Office
Golf and Cycle Store,"5500 Grossmont Center Drive, La Mesa",Main Office
Good Bike Shop,"99433 S. Greenbay Rd., Racine",Main Office
Good Toys,"99700 Bell Road, Auburn",Main Office
Grand Bicycle Stores,"48255 I-10 E. @ Eastpoint Blvd., Baytown",Main Office
Grand Industries,"6333 Cote Vertu, Montreal",Main Office
Grand Sport Boutique,"99800 Tittabawasee Rd., Saginaw",Main Office
Grease and Oil Products Company,"9903 Highway 6 South, Houston",Main Office
Great Bicycle Supply,"455 256th St., Moline",Main Office
"Great Bikes ","Eastridge Mall, Casper",Main Office
Greater Bike Store,"55 Lakeshore Blvd East, Toronto",Main Office
Handy Bike Services,"399700 John R. Rd., Madison Heights",Main Office
Hardware Components,"City Center, Minneapolis",Main Office
Hardware Components,"99 Front Street, Minneapolis",Shipping
"Health Spa, Limited","2500 University Avenue, Toronto",Main Office
Highway Bike Shop,"Simi @ The Plaza, Simi Valley",Main Office
Historic Bicycle Sales,"Redford Plaza, Redford",Main Office
Home Town Bike Store,"955 Green Valley Crescent, Ottawa",Main Office
Honest Repair Service,"Three Rivers Mall, Kelso",Main Office
Immense Manufacturing Company,"70 N.W. Plaza, Saint Ann",Main Office
Imported and Domestic Cycles,"22589 West Craig Road, North Las Vegas",Main Office
Initial Bike Company,"789 West Alameda, Westminster",Main Office
Instruments and Parts Company,"Phoenix Way, Cirencester, Gloucestershire",Main Office
Journey Sporting Goods,"509 Nafta Boulevard, Laredo",Main Office
Kickstand Sellers,"6789 Warren Road, Westland",Main Office
Kickstands and Accessories Company,"25300 Biddle Road, Medford",Main Office
Large Bike Shop,"600 Boul. Rene-levesque Ouest, Montreal",Main Office
Largest Bike Store,"63 W Monroe, Chicago",Main Office
Latest Accessories Sales,"Gateway, Portland",Main Office
Latest Sports Equipment,"4251 First Avenue, Seattle",Main Office
Leading Sales & Repair,"25149 Howard Dr, West Chicago",Main Office
Leather Seat Factory,"9900-6400 Boul, Taschereau, Brossard",Main Office
Leisure Activities,"65 Gamelin Street, Hull",Main Office
Leisure Clearing House,"Unit 99a Battery Retail Pk, Birmingham",Main Office
Little Bicycle Supply Shop,"Cedar Creek Stores, Mosinee",Main Office
Local Hardware Factory,"42500 W 76th St, Chicago",Main Office
Local Sales and Rental,"1200 First Ave., Joliet",Main Office
Locks Company,"70259 West Sunnyview Ave, Visalia",Main Office
Lots of Bikes Storehouse,"4255 East Lies Road, Carol Stream",Main Office
Low Price Cycles,"Suite 500 995 W. 11th Avenue, Mississauga",Main Office
Machines & Cycles Store,"25245 Rue Sherbrooke Ouest, Montreal",Main Office
Mail Market,"308-3250 Casting Road, York",Main Office
Mail-Order Outlet,"409 S. Main Ste. 25, Ellensburg",Main Office
Maintenance and Repair for Bicycles,"Lone Star Factory, La Marque",Main Office
Major Cycling,"46990 Viking Way, Richmond",Main Office
Major Sport Suppliers,"White Mountain Mall, Rock Springs",Main Office
Major Sporting Goods,"9980 S Alma School Road, Chandler",Main Office
Many Bikes Store,"Receiving, Fullerton",Main Office
Mechanical Products Ltd.,"22555 Paseo De Las Americas, San Diego",Main Office
Mercantile Outlet,"2520 Flanders Road, Toronto",Main Office
Metal Clearing House,"3255 Front Street West, Toronto",Main Office
Metal Processing Company,"770 Notre Datme Quest Bureau 800, Montreal",Main Office
Metro Bike Works,"250000 Eight Mile Road, Detroit",Main Office
Metro Cycle Shop,"2507 Pacific Ave S, Tacoma",Main Office
Metro Manufacturing,"2550 Signet Drive, Weston",Main Office
Metro Metals Co.,"2524 Barlby Road, London",Main Office
Metropolitan Bicycle Supply,"Paramount House, London",Main Office
Metropolitan Manufacturing,"Parkway Plaza, El Cajon",Main Office
Metropolitan Sports Supply,"482505 Warm Springs Blvd., Fremont",Main Office
Moderately-Priced Bikes Store,"67 Rainer Ave S, Renton",Main Office
Modular Cycle Systems,"800 Interchange Blvd., Austin",Main Office
Modular Cycle Systems,"165 North Main, Austin",Shipping
More Bikes!,"25600 E St Andrews Pl, Santa Ana",Main Office
Mountain Bike Center,"6756 Mowry, Newark",Main Office
Mountain Toy Store,"First Colony Mall, Sugar Land",Main Office
National Manufacturing,"630 University Avenue, Toronto",Main Office
Nearby Cycle Shop,"Burgess Hill, West Sussex",Main Office
Nearby Sporting Goods,"Bradford, W. York",Main Office
Neighborhood Store,"6777 Kingsway, Burnaby",Main Office
Nice Bikes,"Suite 800 2530 Slater Street, Ottawa",Main Office
Nonskid Tire Company,"Holiday Village Mall, Great Falls",Main Office
Non-Slip Pedal Company,"258 King Street East, Toronto",Main Office
Novelty Bikes,"998 Forest Road, Saginaw",Main Office
Number 1 Supply,"Escondido, Escondido",Main Office
Number One Bike Co.,"Elmhurst Road, Goring, Reading",Main Office
Odometers and Accessories Company,"253711 Mayfield Place, Unit 150, Richmond",Main Office
Official Parts Shop,"9905 Three Rivers Drive, Kelso",Main Office
Oils and Fluids Warehouse,"Park House-4th Floor, 2516 Park St., London",Main Office
One Bike Company,"5 place Ville-Marie, Montreal",Main Office
Online Bike Sellers,"678 Eastman Ave., Midland",Main Office
Online Bike Warehouse,"32605 West 252 Mile Road, Suite 250, Aurora",Main Office
Operational Manufacturing,"25730, boul. St-Régis, Dorval",Main Office
Orange Bicycle Company,"123 W. Lake Ave., Peoria",Main Office
Original Bicycle Supply Company,"2573 Dufferin Street, Toronto",Main Office
Our Sporting Goods Store,"6030 Conroy Road, Ottawa",Main Office
Outdoor Aerobic Systems Company,"255 Irving Street, London",Main Office
Outdoor Sporting Goods,"Lakewood Mall, Lakewood",Main Office
Outdoor Sports Supply,"Great Northwestern, North Bend",Main Office
Outstanding Cycles,"North 93270 Newport Highway, Spokane",Main Office
Paint Supply,"Corporate Office, Garland",Main Office
Paints and Solvents Company,"955 E. County Line Rd., Englewood",Main Office
Parcel Express Delivery Service,"Washington Square, Portland",Main Office
Permanent Finish Products,"62500 Neil Road, Reno",Main Office
Petroleum Products Distributors,"20225 Lansing Ave, Montreal",Main Office
Plastic Parts Company,"750 Philip Street, Waterloo",Main Office
Practical Bike Supply Company,"Horizon Outlet, Woodbury",Main Office
Preferred Bikes,"Incom Sports Center, Ontario",Main Office
Price-Cutter Discount Bikes,"6700 Boul Taschereau, Brossard",Main Office
Primary Bike Distributors,"965 De La Gauchetiere West, Montreal",Main Office
Principal Bike Company,"Mountain Square, Upland",Main Office
Professional Containers and Packaging Co.,"253731 West Bell Road, Surprise",Main Office
Professional Cycle Store,"Arcadia Crossing, Phoenix",Main Office
Professional Cyclists,"2545 King Street West, Toronto",Main Office
Professional Sales and Service,"57251 Serene Blvd, Van Nuys",Main Office
Progressive Sports,"3207 S Grady Way, Renton",Main Office
Progressive Sports,"7943 Walnut Ave, Renton",Shipping
Prosperous Tours,"99-3 Forest Works, London",Main Office
Quantity Discounts,"Natomas Marketplace, Sacramento",Main Office
Quick Delivery Service,"5990 Avebury Road, Mississauga",Main Office
Quick Parts and Service,"99954 Boul. Laurier, Local 060, Place, Sainte-Foy",Main Office
Racing Bike Outlet,"225 South 314th Street, Federal Way",Main Office
Racing Partners,"2512-410th Avenue S.W., Calgary",Main Office
Racing Toys,"Prime Outlets, Phoenix",Main Office
Racing Toys,"9228 Via Del Sol, Phoenix",Shipping
Rally Master Company Inc,"870 N. 54th Ave., Chandler",Main Office
Rampart Amusement Company,"Bradford, W. York",Main Office
Rapid Bikes,"992 St Clair Ave East, Toronto",Main Office
Raw Materials Inc,"Bldg. 9n/99298, Redmond",Main Office
Real Sporting Goods,"7709 West Virginia Avenue, Phoenix",Main Office
Reasonable Bicycle Sales,"C/O Starpak, Inc., Greeley",Main Office
Recommended Bicycles,"250 Kingsbridge Garden Circle, Mississauga",Main Office
Red Bicycle Company,"99, Rue Saint-pierre, Pnot-Rouge",Main Office
Regional Manufacturing,"Factory Stores/tucson, Tucson",Main Office
Reliable Retail Center,"609 Evans Avenue, Toronto",Main Office
Remarkable Bike Store,"Eastern Beltway Center, Las Vegas",Main Office
Remote Bicycle Specialists,"No. 2000-25080 Beaver Hall Hill, Quebec",Main Office
Rental Bikes,"99828 Routh Street, Suite 825, Dallas",Main Office
Requisite Part Supply,"600 Slater Street, Ottawa",Main Office
Resale Services,"Fox Hills, Culver City",Main Office
Responsible Bike Dealers,"Ward Parkway Center, Kansas City",Main Office
Retail Cycle Shop,"Bayshore Mall, Eureka",Main Office
Retail Discount Store,"2510 Crew Court, Montreal",Main Office
Retail Mall,"254480 River Rd, Richmond",Main Office
Retail Sporting Equipment,"Factory Stores Of America, Mesa",Main Office
Retail Sporting Goods,"6753 Howard Hughes Parkway, Las Vegas",Main Office
Retreat Inn,"Suite 2502 410 Albert Street, Waterloo",Main Office
Rewarding Activities Company,"25575 The Queensway, Etobicoke",Main Office
Riders Company,"Tanger Factory, Branch",Main Office
Riding Associates,"2528 Meridian E, Puyallup",Main Office
Riding Cycles,"Galashiels, Liverpool",Main Office
Riding Excursions,"West Park Plaza, Irvine",Main Office
Road Way Sales and Rental,"2900 - 25055 Dunning Street, Vancouver",Main Office
Roadway Bike Emporium,"Medford, Medford",Main Office
Road-Way Mart,"Southgate Mall, Missoula",Main Office
Roadway Supplies,"2564 S. Redwood Rd., Riverton",Main Office
Roving Sports,"4927 S Meridian Ave Ste D, Puyallup",Main Office
Rugged Bikes,"48995 Evergreen Wy., Everett",Main Office
Running and Cycling Gear,"No. 60 Bellis Fair Parkway, Bellingham",Main Office
Rural Cycle Emporium,"6388 Lake City Way, Burnaby",Main Office
Rural Department Store,"5967 W Las Positas Blvd, Pleasanton",Main Office
Rural Sales and Service,"Management Mall, San Antonio",Main Office
Safe Cycles Shop,"25915 140th Ave Ne, Bellevue",Main Office
Safe Cycles Shop,"2681 Eagle Peak, Bellevue",Shipping
Safe Toys,"49925 Crestview Drive N.E., Rio Rancho",Main Office
Sample Bike Store,"2530 South Colorado Blvd., Denver",Main Office
Sample Bike Store,"2000 300th Street, Denver",Shipping
Satin Finish Company,"25220 Airline Road, Corpus Christi",Main Office
Scooters and Bikes Store,"258101 Nw Evergreen Parkway, Beaverton",Main Office
Scratch-Resistant Finishes Company,"5700 Explorer Drive, Mississauga",Main Office
Seats and Saddles Company,"5th Floor, 79 Place D'armes, Kingston",Main Office
Security Racks and Locks Wholesalers,"910 Main Street., Sparks",Main Office
Sellers of Cycles,"700 Se Sunnyside Road, Clackamas",Main Office
Separate Parts Corporation,"440 West Huntington Dr., Monrovia",Main Office
Serious Cycles,"Suite 99320 255 - 510th Avenue S.W., Calgary",Main Office
Sharp Bikes,"52560 Free Street, Toronto",Main Office
Sheet Metal Manufacturing,"25306 Harvey Rd., College Station",Main Office
Shipping Specialists,"25 Hartfield Road, Wimbledon, London",Main Office
Sixth Bike Store,"Suite 25800 3401 - 10810th Avenue, Surrey",Main Office
"Sleek Bikes ","44025 W. Empire, Denby",Main Office
Small Bike Shop,"Corp Ofc Accts Payable, El Segundo",Main Office
Small Cycle Store,"Horizon Outlet Center, Holland",Main Office
Social Activities Club,"23025 S.W. Military Rd., San Antonio",Main Office
Solid Bike Parts,"Lincoln Square, Arlington",Main Office
Some Discount Store,"Frontier Mall, Cheyenne",Main Office
South Bike Company,"Po Box 83270, Vancouver",Main Office
Sparkling Paint and Finishes,"San Diego Factory, San Ysidro",Main Office
Specialty Sports Store,"52500 Liberty Way, Fort Worth",Main Office
Sports Commodities,"253950 N.E. 178th Place, Woodinville",Main Office
Sports Merchandise,"558 S 6th St, Klamath Falls",Main Office
Sports Products Store,"Po Box 252525, Santa Ana",Main Office
Sports Store,"Internet House, 3399 Science Park, Cambridge",Main Office
Standard Bikes,"9979 Bayview Drive, Barrie",Main Office
Stationary Bikes and Stands,"Sapp Road West, Round Rock",Main Office
Stock Parts and Supplies,"99295 S.e. Tualatin Valley_hwy., Hillsboro",Main Office
Sturdy Toys,"Pacific West Outlet, Gilroy",Main Office
Suburban Cycle Shop,"994 Sw Cherry Park Rd, Troutdale",Main Office
Successful Sales Company,"7009 Sw Hall Blvd., Tigard",Main Office
Summer Sports Place,"Ring Plaza, Norridge",Main Office
Sundry Sporting Goods,"595 Burning Street, Vancouver",Main Office
Superb Sales and Repair,"990th Floor 700 De La GauchetiSre Ou, Montreal",Main Office
Superior Hardware Distributors,"250775 SW Hillsdale Hwy, Beaverton",Main Office
Sure & Reliable Sporting Goods,"7990 Ocean Beach Hwy., Longview",Main Office
Swift Cycles,"25500 Old Spanish Trail, Houston",Main Office
Synthetic Materials Manufacturing,"3390 South 23rd St., Tacoma",Main Office
Systematic Sales,"2551 East Warner Road, Gilbert",Main Office
Tachometers and Accessories,"Wymbush, Milton Keynes",Main Office
Tandem Sales and Service,"63 Free St., Toronto",Main Office
Technical Parts Manufacturing,"Ontario Mills, Ontario",Main Office
Tenth Bike Store,"Depot 80, Sillery",Main Office
The Accessories Store,"Medford Outlet Center, Medford",Main Office
The Bicycle Accessories Company,"Vista Marketplace, Alhambra",Main Office
The Bike Shop,"3250 South Meridian, Puyallup",Main Office
The Commissary,"Bureau 9900 825, Avenue Querbes, Outremont",Main Office
The Gear Store,"2345 North Freeway, Houston",Main Office
The New Bike Store,"Hanford Mall, Hanford",Main Office
The Showroom,"4400 March Road, Kanata",Main Office
Third Bike Store,"2500 North Stemmons Freeway, Dallas",Main Office
This Area Sporting Goods,"25 N State St, Chicago",Main Office
Thorough Parts and Repair Services,"S Sound Ctr Suite 25300, Lacey",Main Office
Thrifty Parts and Sales,"Oxnard Outlet, Oxnard",Main Office
Thrilling Bike Tours,"4660 Rodeo Road, Santa Fe",Main Office
Tire Exchange,"9984 Wellington Street, Ottawa",Main Office
Top Bike Market,"975 Princess Street, Kingston",Main Office
Top Sports Supply,"251420a 170th Street, Edmonton",Main Office
Totes & Baskets Company,"72540 Blanco Rd., San Antonio",Main Office
Town Industries,"P.O. Box 6256916, Dallas",Main Office
Trailblazing Sports,"251340 E. South St., Cerritos",Main Office
Transport Bikes,"25130 South State Street, Sandy",Main Office
Transportation Options,"25900-700-9th Ave S.W., Calgary",Main Office
Travel Sports,"755 Nw Grandstand, Issaquah",Main Office
Travel Systems,"2505 Gateway Drive, North Sioux City",Main Office
Trendy Department Stores,"25472 Marlay Ave, Fontana",Main Office
Tubeless Tire Company,"2574 Milton Park, Oxford",Main Office
Twelfth Bike Store,"No. 25400 10665 Jasper Avenue, Edmonton",Main Office
Two Bike Shops,"35525-9th Street Sw, Puyallup",Main Office
Two Wheels Cycle Store,"77 Beale Street, San Francisco",Main Office
Two-Seater Bikes,"5700 Legacy Dr, Plano",Main Office
Two-Wheeled Transit Company,"P.O. Box 44000, Winnipeg",Main Office
Unique Bikes,"3900 S. 997th St., Milwaukee",Main Office
Unsurpassed Bikes,"Po Box 8035996, Dallas",Main Office
Up-To-Date Sports,"2521 McPherson Street, Markham",Main Office
Urban Sports Emporium,"2560 Bay Street, Toronto",Main Office
Utilitarian Sporting Goods,"4635 S. Harrison Blvd., Ogden",Main Office
Uttermost Bike Shop,"Ellesfield Ave, Bracknell",Main Office
Vale Riding Supplies,"Topanga Plaza, Canoga Park",Main Office
Valley Bicycle Distributors,"5867 Sunrise Boulevard, Citrus Heights",Main Office
Valley Bicycle Specialists,"Blue Ridge Mall, Kansas City",Main Office
Valley Toy Store,"252851 Rowan Place, Richmond",Main Office
Variety Cycling,"46-44 Albemarle Street, London",Main Office
Vast Bike Sales and Rental,"Lewis County Mall, Chehalis",Main Office
Vehicle Shop,"Pavillion @ Redlands, Redlands",Main Office
Vigorous Exercise Company,"9950 Ferrand Drive, 9th Floor, Toronto",Main Office
Vigorous Sports Store,"Banbury, Oxon",Main Office
Vintage Sport Boutique,"22571 South 2500 East, Idaho Falls",Main Office
Vinyl and Plastic Goods Corporation,"No. 25800-130 King Street West, Toronto",Main Office
Weekend Bike Tours,"630 N. Capitol Ave., San Jose",Main Office
West Side Mart,"251 The Metro Center, Wokingham",Main Office
Western Bike Supplies,"566 S. Main, Cedar City",Main Office
Westside Cycle Store,"25550 Executive Dr, Elgin",Main Office
Westside Plaza,"99040 California Avenue, Sand City",Main Office
Wheel Gallery,"9920 Bridgepointe Parkway, San Mateo",Main Office
Wholesale Parts,"655-4th Ave S.W., Calgary",Main Office
Wingtip Toys,"755 Columbia Ctr Blvd, Kennewick",Main Office
Wire Baskets and Parts,"Mall Of Orange, Orange",Main Office
Work and Play Association,"2533 Eureka Rd., Southgate",Main Office
Workout Emporium,"700 Bureau Road, Montreal",Main Office
World Bike Discount Store,"3065 Santa Margarita Parkway, Trabuco Canyon",Main Office
World of Bikes,"660 Lindbergh, Saint Louis",Main Office
Year-Round Sports,"2583 Se 272nd St, Kent",Main Office
Yellow Bicycle Company,"St. Louis Marketplace, Saint Louis",Main Office